"agricultur","crop","yield"
0.954535258846566,0.0441588847454549,0.00130585640797924
0.0100673350977392,0.849220487338873,0.140712177563388
0.746016008110992,0.238305746252355,0.015678245636653
0.00113419552064104,0.0106844617101963,0.988181342769163
0.0518064258228562,0.539181420263393,0.409012153913751
