"agricultur","crop","yield"
0.951287480110718,0.00781409836296765,0.0408984215263138
0.055118335471836,0.105433073144514,0.83944859138365
0.0022946122387625,0.866952613558629,0.130752774202608
0.0734506057327168,0.802661439773194,0.12388795449409
0.23609221475957,0.131023597790497,0.632884187449933
