"agricultur","crop","yield"
0.00318701974897129,0.137628225980696,0.859184754270333
0.99988768514953,0.000100747902012017,1.15669484585596e-05
0.000256842363362187,0.998833068354815,0.000910089281823188
0.018480068266577,0.166957910885299,0.814562020848125
0.00165177072078393,0.620896563585931,0.377451665693286
