"agricultur","crop","yield"
0.064197656434438,0.627977451157918,0.307824892407644
0.0037964450332045,0.0885889482604424,0.907614606706353
0.143515804638442,0.809406115671377,0.0470780796901802
0.99752951349984,0.00142121514695789,0.00104927135320266
0.215677089110827,0.525893140455979,0.258429770433194
