"agricultur","crop","yield"
0.125097390463115,0.561195195798983,0.313707413737903
0.864919032041794,0.0525835216635384,0.082497446294668
0.273884756919142,0.138722922632208,0.587392320448651
0.230648019565123,0.0520974436571571,0.71725453677772
0.0125961793465584,0.819405999043467,0.167997821609975
