"agricultur","crop","yield"
0.0202387040305055,0.204509175547715,0.77525212042178
8.11919856121011e-05,0.0259057883972631,0.974013019617125
0.999979674386049,1.81302027050077e-05,2.19541124564807e-06
0.00075285097926773,0.993842854821087,0.00540429419964535
0.00277943524144037,0.570723814899907,0.426496749858653
