"agricultur","crop","yield"
0.00101902916573469,0.0636683461350571,0.935312624699209
0.98985880407676,0.00991835587840658,0.000222840044833266
0.183455024198489,0.397161843637554,0.419383132163957
0.0542753048688184,0.891702985153755,0.0540217099774265
0.252893382932935,0.709403338546008,0.0377032785210568
