"agricultur","crop","yield"
0.556801744917221,0.314835433388,0.12836282169478
0.0934322909835079,0.839434747144332,0.0671329618721597
0.000528034188755905,0.037633129837421,0.961838835973823
0.400245976691593,0.419093603554177,0.18066041975423
0.49893658182223,0.369165881176353,0.131897537001417
